HouseCall-c3d	19
HouseCall-7j0	20
HouseCall-0si	21
HouseCall-qhe	22
HouseCall-1za	23
HouseCall-hmu	24
HouseCall-fn6	25
HouseCall-84r	26
HouseCall-vq9	27
HouseCall-j41	28
HouseCall-8z9	29
HouseCall-14s	30
HouseCall-9ds	31
HouseCall-akn	32
HouseCall-nw0	33
HouseCall-de7	34
HouseCall-c31	35
HouseCall-w3y	36
HouseCall-5pu	40
HouseCall-d4c	41
HouseCall-at8	42
HouseCall-b0d	43
HouseCall-ens	44
HouseCall-rxb	45
HouseCall-8sh	46
HouseCall-1mv	47
HouseCall-p4b	48
HouseCall-xeg	49
HouseCall-j2k	50
HouseCall-1q0	51
HouseCall-b1e	52
HouseCall-b5r	53
HouseCall-08g	55
HouseCall-p10	56
HouseCall-ruf	59
HouseCall-kt0	60
HouseCall-0mz	65
HouseCall-4oc	66
HouseCall-8e6	67
HouseCall-qax	68
HouseCall-iz3	69
HouseCall-d8q	77
HouseCall-kza	81
